{
    "supported_devices": [
        {
            "name": "Logitech Webcam C930e WORLD",
            "id": 1,
            "matrix_coefficients": [
                [1153.82609597707, 0, 952.4573877237405],
                [0, 1151.889412612142, 552.4298199981332],
                [0, 0, 1]
            ],
            "distortion_coefficients": [
                0.09819343634367603, -0.244628454097857,
                2.042276405236123e-05, -0.001281222289158019,
                0.1155579993131562, 0, 0, 0
            ],
            "type": "world",
            "mode_index": -1
        },
        {
            "name": "PI right v1 RIGHT",
            "id": 2,
            "matrix_coefficients": [
                [280.8514518416076, 0, 94.55803161896716],
                [0, 284.0035158353549, 82.92661174841943],
                [0, 0, 1]
            ],
            "distortion_coefficients": [
                0.01465840174516941, 0.2558281692252759, -0.0144437572614324, -0.001428315584614245, -4.30698791425115, 0, 0, 0
            ],
            "rotation_matrix":  [
                [-0.88483539, 0.08835298, 0.45744954],
                [0.0124097 , 0.98597519, -0.16642994],
                [-0.46573848, -0.14158629, -0.87352218]
            ],
            "position": [16.43337228, 48.38220924, -1.00913439],
            "type": "right",
            "mode_index": 11
        },
        {
            "name": "PI right v1 LEFT",
            "id": 3,
            "matrix_coefficients": [
                [282.656341198442, 0, 104.7237579070373],
                [0, 284.4851213580978, 115.4572472662628],
                [0, 0, 1]
            ],
            "distortion_coefficients": [
               0.01857745884478447, -0.6109432084584404, -0.005202314795934191, 0.004637672884482401, 2.615240364476715, 0, 0, 0
            ],
            "rotation_matrix":  [
                [-0.87526545, 0.03999163, -0.48198658],
                [0.08523271, 0.99373251, -0.07232621],
                [0.47607329, -0.10438566, -0.87318833]
            ],
            "position": [-12.87741812, 45.25615981, -0.47127613],
            "type": "left",
            "mode_index": 11
        },
        {
            "name": "Microsoft? LifeCam HD-5000",
            "id": 4,
            "matrix_coefficients": [
                [686.26555927, 0, 328.88594766],
                [0, 680.31999716, 248.20539324],
                [0, 0, 1]
            ],
            "distortion_coefficients": [
                0.176468296, -0.765735942, 0.00031101025, -0.00105836974, 0.379719505
            ],
            "absolute_focus": 13,
            "auto_focus": 0,
            "camera_position": [30, -30, 0],
            "camera_rotation_matrix": [0, -180, 0],
            "type": "test"
        }
    ],
    "detector_2D_parameters": {
        "coarse_detection": true,
        "coarse_filter_min": 128,
        "coarse_filter_max": 280,
        "intensity_range": 23,
        "blur_size": 5,
        "canny_threshold": 160,
        "canny_ration": 2,
        "canny_aperture": 5,
        "pupil_size_max": 100,
        "pupil_size_min": 10,
        "strong_perimeter_ratio_range_min": 0.8,
        "strong_perimeter_ratio_range_max": 1.1,
        "strong_area_ratio_range_min": 0.6,
        "strong_area_ratio_range_max": 1.1,
        "contour_size_min": 5,
        "ellipse_roundness_ratio": 0.1,
        "initial_ellipse_fit_threshhold": 1.8,
        "final_perimeter_ratio_range_min": 0.6,
        "final_perimeter_ratio_range_max": 1.2,
        "ellipse_true_support_min_dist": 2.5,
        "support_pixel_ratio_exponent": 2.0
    },
    "detector_3D_parameters": {
        "threshold_swirski": 0.7,
        "threshold_kalman": 0.98,
        "threshold_short_term": 0.8,
        "threshold_long_term": 0.98,
        "long_term_buffer_size": 30,
        "long_term_forget_time": 5,
        "long_term_forget_observations": 300,
        "long_term_mode": "blocking",
        "model_update_interval_long_term": 1.0,
        "model_update_interval_ult_long_term": 10.0,
        "model_warmup_duration": 5.0,
        "calculate_rms_residual": false
    },
    "detector_2D_default_parameters": {
        "coarse_detection": true,
        "coarse_filter_min": 128,
        "coarse_filter_max": 280,
        "intensity_range": 23,
        "blur_size": 5,
        "canny_threshold": 160,
        "canny_ration": 2,
        "canny_aperture": 5,
        "pupil_size_max": 100,
        "pupil_size_min": 10,
        "strong_perimeter_ratio_range_min": 0.8,
        "strong_perimeter_ratio_range_max": 1.1,
        "strong_area_ratio_range_min": 0.6,
        "strong_area_ratio_range_max": 1.1,
        "contour_size_min": 5,
        "ellipse_roundness_ratio": 0.1,
        "initial_ellipse_fit_threshhold": 1.8,
        "final_perimeter_ratio_range_min": 0.6,
        "final_perimeter_ratio_range_max": 1.2,
        "ellipse_true_support_min_dist": 2.5,
        "support_pixel_ratio_exponent": 2.0
    },
    "detector_3D_default_parameters": {
        "threshold_swirski": 0.7,
        "threshold_kalman": 0.98,
        "threshold_short_term": 0.8,
        "threshold_long_term": 0.98,
        "long_term_buffer_size": 30,
        "long_term_forget_time": 5,
        "long_term_forget_observations": 300,
        "long_term_mode": "blocking",
        "model_update_interval_long_term": 1.0,
        "model_update_interval_ult_long_term": 10.0,
        "model_warmup_duration": 5.0,
        "calculate_rms_residual": false
    },
    "offline_focal_length": 772.55,
    "offline_resolution": [
        640,
        480
    ],
    "elevation": 15,
    "azimuth": 270,
    "scale_factor": 1.0
}